"Record ID","First Name","Last Name","Email","Phone Number","Lead Status","Favorite Content Topics","Preferred channels","Create Date"
"282681751263","Dorothy","Perez","dorothy.perez@morgan-barnes.com"," +1 780-298-9653","","","","2025-10-12 14:28"
"282599543495","Brian","Torres","brian.torres@kline-davis-and-garcia.com"," +1 687-478-1762","","","","2025-10-12 14:28"
"282599543494","John","Rivera","john.rivera@york-plc.com"," +1 355-210-4583","","","","2025-10-12 14:28"
"282683554528","Patricia","Flores","patricia.flores@york-plc.com"," +1 854-883-8916","","","","2025-10-12 14:28"
"282679960250","Dorothy","Carter","dorothy.carter@sharp-murray.org"," +1 233-296-7640","","","","2025-10-12 14:28"
"282679959289","George","Gonzalez","george.gonzalez@becker-ware.com"," +1 253-475-7179","","","","2025-10-12 14:28"
"282675567317","Anthony","Clark","anthony.clark@jackson-lee.co"," +1 771-743-3196","","","","2025-10-12 14:28"
"282541712120","Michael","Miller","michael.miller@valenzuela-phillips.co"," +1 737-353-4948","","","","2025-10-12 14:28"
"281922240187","Ashley","Lopez","ashley.lopez@decker-and-sons.com"," +1 756-858-1962","","","","2025-10-12 14:28"
"282614402765","Michelle","Roberts","michelle.roberts@rivers-llc.ai"," +1 217-447-4376","","","","2025-10-12 14:28"
"282679959288","Nancy","Anderson","nancy.anderson@alexander-welch.biz"," +1 589-784-5026","","","","2025-10-12 14:28"
"282677363429","Robert","Lewis","robert.lewis@rivers-llc.ai"," +1 813-889-1797","","","","2025-10-12 14:28"
"282599543493","Susan","Perez","susan.perez@becker-ware.com"," +1 863-281-8369","","","","2025-10-12 14:28"
"282675567316","Paul","Torres","paul.torres@barnes-paul-and-price.org"," +1 874-234-3938","","","","2025-10-12 14:28"
"282669414104","Robert","Jones","robert.jones@smith-lee.com"," +1 393-980-4555","","","","2025-10-12 14:28"
"282618197738","Christopher","Clark","christopher.clark@crawford-inc.org"," +1 247-777-4625","","","","2025-10-12 14:28"
"282681751261","Sarah","Gonzalez","sarah.gonzalez@anderson-taylor-and-fields.ai"," +1 943-984-2848","","","","2025-10-12 14:28"
"282681751259","Donald","Brown","donald.brown@sharp-murray.org"," +1 853-210-3807","","","","2025-10-12 14:28"
"282622301904","Melissa","Wilson","melissa.wilson@moore-johnson-and-hogan.com"," +1 793-275-1742","","","","2025-10-12 14:28"
"282549540575","Anthony","Martin","anthony.martin@harper-franco.biz"," +1 482-263-3869","","","","2025-10-12 14:28"
"282541712119","Sarah","Wright","sarah.wright@neal-baldwin-and-simpson.io"," +1 494-218-9228","","","","2025-10-12 14:28"
"282681751260","Emily","Nguyen","emily.nguyen@crawford-inc.org"," +1 794-938-7841","","","","2025-10-12 14:28"
"282681751258","Sandra","Hernandez","sandra.hernandez@decker-and-sons.com"," +1 951-561-3773","","","","2025-10-12 14:28"
"281678941931","Amanda","White","amanda.white@gonzalez-plc.co"," +1 280-778-2838","","","","2025-10-12 14:28"
"282618197737","Charles","Anderson","charles.anderson@harris-plc.com"," +1 950-790-6224","","","","2025-10-12 14:28"
"282614153958","Richard","Torres","richard.torres@walker-scott-and-peterson.org"," +1 750-354-3695","","","","2025-10-12 14:28"
"282679959287","Karen","Smith","karen.smith@turner-ltd.net"," +1 417-395-2922","","","","2025-10-12 14:28"
"282618197736","Barbara","Roberts","barbara.roberts@cunningham-kline-and-burton.com"," +1 339-985-7887","","","","2025-10-12 14:28"
"282549540574","Kevin","Brown","kevin.brown@wilson-and-sons.co"," +1 983-207-7756","","","","2025-10-12 14:28"
"282549540573","Charles","Harris","charles.harris@cooper-bray.com"," +1 678-747-6886","","","","2025-10-12 14:28"
"282614402764","John","Scott","john.scott@hardy-llc.biz"," +1 756-498-5914","","","","2025-10-12 14:28"
"282614153957","William","Miller","william.miller@gonzalez-torres.biz"," +1 831-959-4920","","","","2025-10-12 14:28"
"282679959286","Emily","Robinson","emily.robinson@moore-johnson-and-hogan.com"," +1 889-516-1356","","","","2025-10-12 14:28"
"282619995861","James","Carter","james.carter@palmer-rice-and-benson.org"," +1 224-506-8585","","","","2025-10-12 14:28"
"282614153956","Karen","Lewis","karen.lewis@lane-gonzalez-and-maldonado.co"," +1 818-935-7981","","","","2025-10-12 14:28"
"282614153955","Deborah","Martin","deborah.martin@park-maynard-and-ruiz.ai"," +1 907-321-5833","","","","2025-10-12 14:28"
"282599543492","Donald","Thomas","donald.thomas@gibson-hughes-and-taylor.com"," +1 902-616-5873","","","","2025-10-12 14:28"
"281922240186","Betty","Ramirez","betty.ramirez@mills-llc.ai"," +1 728-536-2421","","","","2025-10-12 14:28"
"282683554527","Michelle","Walker","michelle.walker@adams-dominguez.co"," +1 954-945-2020","","","","2025-10-12 14:28"
"281678941930","Ashley","Rivera","ashley.rivera@roberts-bowen-and-miller.io"," +1 777-507-8780","","","","2025-10-12 14:28"
"282619995860","Emily","Young","emily.young@johns-clark.biz"," +1 249-553-7244","","","","2025-10-12 14:28"
"282541712118","Nancy","Jackson","nancy.jackson@clay-inc.io"," +1 666-857-9901","","","","2025-10-12 14:28"
"281922239225","Dorothy","Roberts","dorothy.roberts@riley-barnes-and-burgess.co"," +1 791-472-4453","","","","2025-10-12 14:28"
"282541712117","Dorothy","Perez","dorothy.perez@lamb-miller-and-livingston.co"," +1 480-328-7029","","","","2025-10-12 14:28"
"282679959285","Edward","Martinez","edward.martinez@bailey-vazquez.com"," +1 404-817-9341","","","","2025-10-12 14:28"
"282675567315","Steven","Young","steven.young@cooper-bray.com"," +1 678-301-8692","","","","2025-10-12 14:28"
"282669414103","Emily","Davis","emily.davis@larson-and-sons.io"," +1 469-467-8311","","","","2025-10-12 14:28"
"282614402763","Linda","Lopez","linda.lopez@palmer-rice-and-benson.org"," +1 751-603-9664","","","","2025-10-12 14:28"
"282614402762","Joshua","Rivera","joshua.rivera@harvey-morgan-and-pace.net"," +1 410-607-4921","","","","2025-10-12 14:28"
"282614153954","Sandra","Wright","sandra.wright@reed-inc.biz"," +1 551-760-6804","","","","2025-10-12 14:28"
"282614153953","Linda","Baker","linda.baker@bartlett-and-sons.biz"," +1 411-935-9008","","","","2025-10-12 14:28"
"282599543491","Melissa","Jackson","melissa.jackson@doyle-henry.ai"," +1 239-210-5888","","","","2025-10-12 14:28"
"282549540571","Patricia","Hernandez","patricia.hernandez@whitehead-lane-and-tran.co"," +1 651-626-8933","","","","2025-10-12 14:28"
"282675567314","Donald","Thomas","donald.thomas@jackson-lee.co"," +1 431-508-3365","","","","2025-10-12 14:28"
"282549540572","Andrew","Thomas","andrew.thomas@lee-munoz.net"," +1 914-432-5914","","","","2025-10-12 14:28"
"281922239224","Deborah","Baker","deborah.baker@haney-harris-and-johnson.net"," +1 676-913-8840","","","","2025-10-12 14:28"
"282622301903","Robert","Williams","robert.williams@johnson-thomas.net"," +1 341-931-6456","","","","2025-10-12 14:28"
"282541712116","Linda","Robinson","linda.robinson@smith-inc.co"," +1 515-364-7642","","","","2025-10-12 14:28"
"282599543490","Carol","Perez","carol.perez@alexander-welch.biz"," +1 464-982-9005","","","","2025-10-12 14:28"
"282679959284","Linda","Rodriguez","linda.rodriguez@davis-carpenter.net"," +1 300-604-7114","","","","2025-10-12 14:28"
"282614153952","Jessica","Lewis","jessica.lewis@hamilton-inc.io"," +1 972-474-6400","","","","2025-10-12 14:28"
"282675567313","Christopher","Gonzalez","christopher.gonzalez@brown-watson.com"," +1 982-364-9163","","","","2025-10-12 14:28"
"282619995859","William","Lee","william.lee@french-williams.co"," +1 858-276-8372","","","","2025-10-12 14:28"
"282541712115","Margaret","Wright","margaret.wright@carter-johnson.co"," +1 589-436-5055","","","","2025-10-12 14:28"
"281678941929","Donald","Wilson","donald.wilson@ruiz-gutierrez.co"," +1 407-752-5442","","","","2025-10-12 14:28"
"282541712114","Andrew","Smith","andrew.smith@smith-inc.co"," +1 468-870-6890","","","","2025-10-12 14:28"
"282683554526","Donald","Taylor","donald.taylor@wheeler-avila-and-owen.io"," +1 872-793-4728","","","","2025-10-12 14:28"
"282614402761","Betty","Flores","betty.flores@roberts-bowen-and-miller.io"," +1 958-507-6511","","","","2025-10-12 14:28"
"282677363428","Steven","Robinson","steven.robinson@clay-inc.io"," +1 480-398-2845","","","","2025-10-12 14:28"
"282619995857","Kenneth","Johnson","kenneth.johnson@gibson-hughes-and-taylor.com"," +1 710-843-9938","","","","2025-10-12 14:28"
"282681751257","Paul","Allen","paul.allen@shaffer-lewis-and-davidson.io"," +1 720-768-1333","","","","2025-10-12 14:28"
"282681751256","Linda","Moore","linda.moore@phillips-llc.biz"," +1 661-454-3308","","","","2025-10-12 14:28"
"282619995858","Kenneth","Brown","kenneth.brown@thomas-group.com"," +1 277-888-7655","","","","2025-10-12 14:28"
"282679959283","John","Perez","john.perez@bauer-brown.ai"," +1 297-772-7333","","","","2025-10-12 14:28"
"282683554524","Sarah","Garcia","sarah.garcia@hawkins-jones.io"," +1 945-635-2293","","","","2025-10-12 14:28"
"282622301901","Melissa","Lewis","melissa.lewis@reyes-yu-and-salazar.net"," +1 440-747-4918","","","","2025-10-12 14:28"
"282619995856","Dorothy","Baker","dorothy.baker@green-lopez.co"," +1 682-493-9793","","","","2025-10-12 14:28"
"282549540570","Dorothy","Brown","dorothy.brown@cook-and-sons.org"," +1 988-292-4804","","","","2025-10-12 14:28"
"281678941923","Steven","Martinez","steven.martinez@robinson-rodriguez-and-chen.com"," +1 264-662-2695","","","","2025-10-12 14:28"
"282683554523","Elizabeth","Hill","elizabeth.hill@york-wells-and-wolfe.biz"," +1 728-344-6373","","","","2025-10-12 14:28"
"282681751255","Emily","Lee","emily.lee@boone-cobb-and-pittman.co"," +1 879-690-9609","","","","2025-10-12 14:28"
"282679959281","Steven","King","steven.king@parker-ltd.com"," +1 629-366-4271","","","","2025-10-12 14:28"
"282669414102","Emily","Mitchell","emily.mitchell@robinson-rodriguez-and-chen.com"," +1 243-661-4084","","","","2025-10-12 14:28"
"282622301902","Joshua","Martinez","joshua.martinez@curry-acosta-and-elliott.org"," +1 896-661-7077","","","","2025-10-12 14:28"
"282618197735","Joshua","Martinez","joshua.martinez@baird-williams.ai"," +1 521-936-6231","","","","2025-10-12 14:28"
"282614153950","Robert","Carter","robert.carter@andrews-jackson.net"," +1 863-396-5687","","","","2025-10-12 14:28"
"282549540569","Sarah","Thomas","sarah.thomas@larson-and-sons.io"," +1 317-227-4048","","","","2025-10-12 14:28"
"282549540568","Donna","Martinez","donna.martinez@aguirre-fox-and-kent.co"," +1 971-930-7525","","","","2025-10-12 14:28"
"282622301900","Carol","Wright","carol.wright@pierce-newman-and-williams.co"," +1 589-605-6654","","","","2025-10-12 14:28"
"282618197734","Brian","Scott","brian.scott@duarte-johnson-and-ross.org"," +1 683-976-9806","","","","2025-10-12 14:28"
"282614153951","Carol","Davis","carol.davis@barrett-miller-and-thomas.io"," +1 627-798-6040","","","","2025-10-12 14:28"
"282549540567","Anthony","Martinez","anthony.martinez@jennings-armstrong-and-alvarez.io"," +1 623-908-4340","","","","2025-10-12 14:28"
"282541712113","Daniel","Lewis","daniel.lewis@reynolds-plc.org"," +1 244-945-6776","","","","2025-10-12 14:28"
"281922239223","Joseph","Rodriguez","joseph.rodriguez@park-maynard-and-ruiz.ai"," +1 690-357-8454","","","","2025-10-12 14:28"
"281678941928","George","Hill","george.hill@jimenez-moore.co"," +1 546-778-1674","","","","2025-10-12 14:28"
"282683554522","Mark","Harris","mark.harris@lamb-miller-and-livingston.co"," +1 548-392-9129","","","","2025-10-12 14:28"
"282679959282","Carol","Adams","carol.adams@reed-inc.biz"," +1 910-471-8932","","","","2025-10-12 14:28"
"282679959280","Jessica","Roberts","jessica.roberts@horne-miller-and-schultz.com"," +1 861-576-6933","","","","2025-10-12 14:28"
"282675567309","William","Taylor","william.taylor@franklin-and-sons.net"," +1 945-575-7606","","","","2025-10-12 14:28"
"282614153949","John","Wright","john.wright@cunningham-kline-and-burton.com"," +1 262-271-8734","","","","2025-10-12 14:28"
"282681751254","Nancy","Roberts","nancy.roberts@gutierrez-ltd.com"," +1 352-811-1046","","","","2025-10-12 14:28"
"282681751253","Melissa","Baker","melissa.baker@duncan-hoffman-and-shea.ai"," +1 740-296-7937","","","","2025-10-12 14:28"
"282679959279","Amanda","Walker","amanda.walker@miller-llc.org"," +1 303-898-3252","","","","2025-10-12 14:28"
"282677363426","William","Thomas","william.thomas@brewer-inc.net"," +1 706-227-6912","","","","2025-10-12 14:28"
"282669414101","Joshua","Martinez","joshua.martinez@parker-gutierrez.net"," +1 979-978-2234","","","","2025-10-12 14:28"
"282622301899","Thomas","Thompson","thomas.thompson@lee-munoz.net"," +1 474-607-2294","","","","2025-10-12 14:28"
"282619995855","Charles","Torres","charles.torres@martin-group.org"," +1 891-976-4164","","","","2025-10-12 14:28"
"282618197733","Karen","Young","karen.young@gomez-group.co"," +1 224-293-7442","","","","2025-10-12 14:28"
"282618197732","Kenneth","Davis","kenneth.davis@combs-davis.io"," +1 744-723-4176","","","","2025-10-12 14:28"
"282599543489","Barbara","Nelson","barbara.nelson@fox-carney.com"," +1 885-288-9576","","","","2025-10-12 14:28"
"281678941927","William","Martinez","william.martinez@harris-plc.net"," +1 280-503-2657","","","","2025-10-12 14:28"
"281678941925","John","Torres","john.torres@campbell-hodge-and-smith.io"," +1 341-743-7012","","","","2025-10-12 14:28"
"282681751252","Jessica","Campbell","jessica.campbell@rivera-llc.net"," +1 873-844-2698","","","","2025-10-12 14:28"
"282679959278","Carol","Lee","carol.lee@mathis-plc.co"," +1 443-510-3347","","","","2025-10-12 14:28"
"282669414100","Brian","Young","brian.young@james-ltd.net"," +1 405-326-3223","","","","2025-10-12 14:28"
"282622301898","John","Rivera","john.rivera@haney-harris-and-johnson.net"," +1 669-238-5807","","","","2025-10-12 14:28"
"282618197731","Patricia","Torres","patricia.torres@avila-davis-and-ortiz.org"," +1 776-400-6939","","","","2025-10-12 14:28"
"282618197730","Jessica","Clark","jessica.clark@wilkins-chang.biz"," +1 855-838-8489","","","","2025-10-12 14:28"
"282614153948","Jessica","Baker","jessica.baker@duarte-johnson-and-ross.org"," +1 973-811-2341","","","","2025-10-12 14:28"
"282614153947","Patricia","Adams","patricia.adams@parker-ltd.com"," +1 693-581-2680","","","","2025-10-12 14:28"
"282614153946","Steven","Adams","steven.adams@lee-johnson.org"," +1 377-241-5059","","","","2025-10-12 14:28"
"282541712112","James","Wright","james.wright@neal-baldwin-and-simpson.io"," +1 765-622-1194","","","","2025-10-12 14:28"
"281922239222","David","King","david.king@jacobs-murphy.org"," +1 845-939-7229","","","","2025-10-12 14:28"
"282683554521","Matthew","Harris","matthew.harris@beasley-alvarez.net"," +1 283-900-9835","","","","2025-10-12 14:28"
"282683554520","Charles","Rivera","charles.rivera@pierce-newman-and-williams.co"," +1 281-555-8247","","","","2025-10-12 14:28"
"282681751251","Lisa","Baker","lisa.baker@cook-long.org"," +1 937-444-8277","","","","2025-10-12 14:28"
"282679959277","Amanda","Campbell","amanda.campbell@barker-tucker-and-mcclure.biz"," +1 691-739-7730","","","","2025-10-12 14:28"
"282622301897","Jennifer","Carter","jennifer.carter@lopez-plc.co"," +1 365-480-8361","","","","2025-10-12 14:28"
"282614402760","Ashley","Lee","ashley.lee@colon-lucas.io"," +1 692-558-5480","","","","2025-10-12 14:28"
"282541712111","Betty","Lewis","betty.lewis@jackson-thomas-and-scott.org"," +1 440-753-4559","","","","2025-10-12 14:28"
"282675567311","Patricia","Davis","patricia.davis@taylor-copeland-and-mcguire.org"," +1 731-357-5982","","","","2025-10-12 14:28"
"282675567310","Nancy","Rodriguez","nancy.rodriguez@warren-and-sons.org"," +1 246-561-9945","","","","2025-10-12 14:28"
"282622301896","Joshua","Wright","joshua.wright@wilkins-chang.biz"," +1 217-848-9443","","","","2025-10-12 14:28"
"282619995854","Anthony","Clark","anthony.clark@valenzuela-ltd.com"," +1 353-508-7167","","","","2025-10-12 14:28"
"282614153945","Anthony","Adams","anthony.adams@rubio-and-sons.net"," +1 688-689-4267","","","","2025-10-12 14:28"
"282541712110","Robert","Torres","robert.torres@ewing-inc.ai"," +1 918-313-4125","","","","2025-10-12 14:28"
"281922239220","Amanda","Anderson","amanda.anderson@taylor-copeland-and-mcguire.org"," +1 555-732-5653","","","","2025-10-12 14:28"
"281922239219","Matthew","Flores","matthew.flores@phillips-llc.biz"," +1 629-455-3616","","","","2025-10-12 14:28"
"281678941924","Kenneth","Flores","kenneth.flores@gibson-chavez-and-graves.com"," +1 531-843-6179","","","","2025-10-12 14:28"
"282683554519","Ashley","Robinson","ashley.robinson@kelley-and-sons.org"," +1 973-778-8354","","","","2025-10-12 14:28"
"282683554518","Donald","Lewis","donald.lewis@gibson-chavez-and-graves.com"," +1 847-511-5500","","","","2025-10-12 14:28"
"282622301894","Paul","Jackson","paul.jackson@hawkins-jones.io"," +1 529-306-2311","","","","2025-10-12 14:28"
"282614402759","Edward","White","edward.white@baird-williams.ai"," +1 728-776-2739","","","","2025-10-12 14:28"
"281922239221","Jennifer","Martin","jennifer.martin@delgado-guzman-and-smith.ai"," +1 773-586-6381","","","","2025-10-12 14:28"
"282677363425","Kenneth","Scott","kenneth.scott@barnes-grant.ai"," +1 482-329-5961","","","","2025-10-12 14:28"
"282677363424","Amanda","Lewis","amanda.lewis@mejia-curry.co"," +1 290-899-6236","","","","2025-10-12 14:28"
"282675567312","Robert","Lee","robert.lee@mitchell-plc.ai"," +1 518-728-7524","","","","2025-10-12 14:28"
"282618197729","Robert","Lopez","robert.lopez@doyle-henry.ai"," +1 628-381-1595","","","","2025-10-12 14:28"
"282599543488","Matthew","Allen","matthew.allen@avila-davis-and-ortiz.org"," +1 662-983-5582","","","","2025-10-12 14:28"
"282622301895","Susan","Nguyen","susan.nguyen@gomez-group.co"," +1 562-250-1828","","","","2025-10-12 14:28"
"282619995853","Barbara","Rodriguez","barbara.rodriguez@mills-llc.ai"," +1 689-532-5064","","","","2025-10-12 14:28"
"282549540566","Patricia","Robinson","patricia.robinson@adams-ltd.org"," +1 336-726-7806","","","","2025-10-12 14:28"
"282669414099","Sandra","Adams","sandra.adams@douglas-group.biz"," +1 464-936-4050","","","","2025-10-12 14:28"
"282549540564","Jennifer","Anderson","jennifer.anderson@henry-taylor.ai"," +1 662-558-1436","","","","2025-10-12 14:28"
"281678941922","Steven","Adams","steven.adams@jimenez-moore.co"," +1 373-807-3526","","","","2025-10-12 14:28"
"282549540565","Kimberly","Anderson","kimberly.anderson@gonzalez-torres.biz"," +1 854-439-1860","","","","2025-10-12 14:28"
"282669414098","Brian","Green","brian.green@lopez-phillips-and-guerrero.ai"," +1 379-571-9335","","","","2025-10-12 14:28"
"282669414097","Carol","Hernandez","carol.hernandez@jimenez-simon-and-joseph.io"," +1 232-347-8179","","","","2025-10-12 14:28"
"282618197728","Steven","Jones","steven.jones@floyd-jimenez.co"," +1 518-673-8404","","","","2025-10-12 14:28"
"282549540563","Emily","Martin","emily.martin@giles-patel.org"," +1 431-505-5735","","","","2025-10-12 14:28"
"281678941926","Karen","Mitchell","karen.mitchell@parks-olsen-and-le.io"," +1 548-427-6456","","","","2025-10-12 14:28"
"282681751250","Daniel","Rodriguez","daniel.rodriguez@hoover-davis.com"," +1 765-856-3981","","","","2025-10-12 14:28"
"282679959276","Robert","Ramirez","robert.ramirez@white-duran.net"," +1 220-671-2275","","","","2025-10-12 14:28"
"281922239218","Sandra","Scott","sandra.scott@barker-tucker-and-mcclure.biz"," +1 333-827-2412","","","","2025-10-12 14:28"
"282669414096","Christopher","Miller","christopher.miller@stephens-smith.ai"," +1 932-866-6493","","","","2025-10-12 14:28"
"281678941921","Anthony","Perez","anthony.perez@wise-baker-and-clark.com"," +1 756-678-7812","","","","2025-10-12 14:28"
"282681751249","Kevin","Wright","kevin.wright@mueller-stevenson-and-sanchez.ai"," +1 674-624-1888","","","","2025-10-12 14:28"
"282541712108","Kenneth","Johnson","kenneth.johnson@stanley-campbell-and-miller.net"," +1 294-965-9691","","","","2025-10-12 14:28"
"282622301893","Jennifer","Garcia","jennifer.garcia@smith-plc.org"," +1 296-643-2582","","","","2025-10-12 14:28"
"282614153943","Sandra","Perez","sandra.perez@olson-wood-and-peters.biz"," +1 362-579-6105","","","","2025-10-12 14:28"
"281922239217","Elizabeth","Jackson","elizabeth.jackson@fox-carney.com"," +1 640-202-6780","","","","2025-10-12 14:28"
"282618197727","Kenneth","Harris","kenneth.harris@shaffer-lewis-and-davidson.io"," +1 583-460-1266","","","","2025-10-12 14:28"
"282683554516","Joseph","Robinson","joseph.robinson@sloan-jones-and-hughes.ai"," +1 854-461-8529","","","","2025-10-12 14:28"
"282599543486","Daniel","Martin","daniel.martin@lewis-llc.co"," +1 872-916-7421","","","","2025-10-12 14:28"
"282683554515","Christopher","Brown","christopher.brown@morgan-plc.org"," +1 501-568-7141","","","","2025-10-12 14:28"
"282619995852","Dorothy","Martinez","dorothy.martinez@jacobs-foster.net"," +1 442-306-3399","","","","2025-10-12 14:28"
"282677363423","Melissa","King","melissa.king@price-llc.com"," +1 239-878-6517","","","","2025-10-12 14:28"
"282614402758","Betty","Smith","betty.smith@dawson-conner.org"," +1 471-750-3024","","","","2025-10-12 14:28"
"282679959275","Carol","Anderson","carol.anderson@neal-ltd.org"," +1 683-226-6374","","","","2025-10-12 14:28"
"282622301892","Jessica","Robinson","jessica.robinson@lewis-llc.biz"," +1 765-349-7284","","","","2025-10-12 14:28"
"282614153942","Patricia","Walker","patricia.walker@robinson-goodwin.co"," +1 612-637-2768","","","","2025-10-12 14:28"
"282541712107","Mark","Martin","mark.martin@soto-lopez.co"," +1 803-640-6003","","","","2025-10-12 14:28"
"282681751248","Kevin","Hill","kevin.hill@duran-jordan.biz"," +1 354-542-2335","","","","2025-10-12 14:28"
"282677363422","Mary","Garcia","mary.garcia@cooper-martinez-and-dalton.io"," +1 435-891-1339","","","","2025-10-12 14:28"
"282619995851","Christopher","Nelson","christopher.nelson@foster-guerrero.com"," +1 462-584-3500","","","","2025-10-12 14:28"
"282677363421","Robert","Anderson","robert.anderson@schultz-gamble.org"," +1 605-814-1897","","","","2025-10-12 14:28"
"282599543485","Emily","Rodriguez","emily.rodriguez@smith-sandoval.com"," +1 495-649-8941","","","","2025-10-12 14:28"
"282619995850","Daniel","Miller","daniel.miller@jackson-edwards.io"," +1 792-720-4485","","","","2025-10-12 14:28"
"282679959274","Steven","White","steven.white@savage-huffman-and-martin.ai"," +1 442-596-2337","","","","2025-10-12 14:28"
"282675567308","Richard","Hall","richard.hall@johnson-plc.net"," +1 445-786-7274","","","","2025-10-12 14:28"
"282669414095","Jennifer","Johnson","jennifer.johnson@lane-morrison-and-rivera.io"," +1 463-421-3449","","","","2025-10-12 14:28"
"282679959273","Donna","Martin","donna.martin@cohen-compton-and-perez.com"," +1 855-635-5097","","","","2025-10-12 14:28"
"282679959272","Sarah","Johnson","sarah.johnson@sparks-eaton.com"," +1 385-480-6062","","","","2025-10-12 14:28"
"282677363420","Anthony","Garcia","anthony.garcia@moore-and-sons.biz"," +1 431-317-8560","","","","2025-10-12 14:28"
"282619995849","Lisa","Allen","lisa.allen@henry-armstrong.org"," +1 808-312-8405","","","","2025-10-12 14:28"
"282599543484","Charles","Rivera","charles.rivera@weaver-sherman.biz"," +1 490-920-8438","","","","2025-10-12 14:28"
"281678941920","Matthew","Martinez","matthew.martinez@price-llc.com"," +1 367-386-3712","","","","2025-10-12 14:28"
"282679959271","John","Garcia","john.garcia@robinson-goodwin.co"," +1 530-823-3430","","","","2025-10-12 14:28"
"282622301891","Carol","Roberts","carol.roberts@johnson-watson-and-wheeler.com"," +1 963-251-9138","","","","2025-10-12 14:28"
"282614153941","Mary","Lee","mary.lee@smith-craig-and-gray.ai"," +1 376-833-8538","","","","2025-10-12 14:28"
"282675567307","Patricia","Nguyen","patricia.nguyen@smith-plc.org"," +1 776-776-6400","","","","2025-10-12 14:28"
"281678941919","John","Green","john.green@cummings-inc.org"," +1 676-918-5951","","","","2025-10-12 14:28"
"282618197726","Paul","Taylor","paul.taylor@mckinney-craig-and-english.net"," +1 379-313-1422","","","","2025-10-12 14:28"
"282549540562","Melissa","Baker","melissa.baker@dawson-conner.org"," +1 469-799-7242","","","","2025-10-12 14:28"
"282681751247","Michelle","Martinez","michelle.martinez@lopez-curry.biz"," +1 445-330-8758","","","","2025-10-12 14:28"
"282683554514","Amanda","Carter","amanda.carter@santiago-daniel-and-rogers.com"," +1 700-755-1588","","","","2025-10-12 14:28"
"282618197725","Joshua","Thomas","joshua.thomas@villegas-miller.ai"," +1 927-363-6091","","","","2025-10-12 14:28"
"282677363419","Brian","Martin","brian.martin@hayes-schultz.com"," +1 917-613-5460","","","","2025-10-12 14:28"
"282614402757","Melissa","Clark","melissa.clark@bennett-group.com"," +1 739-317-2041","","","","2025-10-12 14:28"
"281922239216","Jennifer","Moore","jennifer.moore@martin-ltd.org"," +1 654-878-7947","","","","2025-10-12 14:28"
"282669414094","Kevin","Garcia","kevin.garcia@steele-dixon.com"," +1 361-446-3847","","","","2025-10-12 14:28"
"282677363418","Sandra","Jackson","sandra.jackson@humphrey-baker.biz"," +1 894-760-3588","","","","2025-10-12 14:28"
"282541712106","Kimberly","Ramirez","kimberly.ramirez@lane-morrison-and-rivera.io"," +1 314-496-4893","","","","2025-10-12 14:28"
"282614402756","Robert","Campbell","robert.campbell@henry-armstrong.org"," +1 875-734-5941","","","","2025-10-12 14:28"
"282614153940","Jessica","Carter","jessica.carter@bennett-webster.com"," +1 676-784-7209","","","","2025-10-12 14:28"
"282549540561","Joseph","Miller","joseph.miller@harrison-gibson.org"," +1 559-770-7022","","","","2025-10-12 14:28"
"282541712105","Karen","Hill","karen.hill@hayes-schultz.com"," +1 967-783-5728","","","","2025-10-12 14:28"
"282599543483","Lisa","Martin","lisa.martin@williams-meyers.org"," +1 385-420-6598","","","","2025-10-12 14:28"
"282599543482","Charles","Jones","charles.jones@floyd-jimenez.co"," +1 861-293-9307","","","","2025-10-12 14:28"
"282669414093","Anthony","Perez","anthony.perez@miles-miller.com"," +1 529-887-2713","","","","2025-10-12 14:28"
"282622301890","Joseph","Adams","joseph.adams@taylor-group.org"," +1 353-473-3330","","","","2025-10-12 14:28"
"281678941918","Deborah","Perez","deborah.perez@bauer-brown.ai"," +1 896-813-1857","","","","2025-10-12 14:28"
"282683554512","Andrew","Sanchez","andrew.sanchez@white-duran.net"," +1 927-856-7843","","","","2025-10-12 14:28"
"282599542521","Lisa","Baker","lisa.baker@reyes-yu-and-salazar.net"," +1 785-652-8564","","","","2025-10-12 14:28"
"282679959270","Linda","Jackson","linda.jackson@caldwell-sullivan.io"," +1 895-895-8972","","","","2025-10-12 14:28"
"282541712104","Michael","Thomas","michael.thomas@smith-craig-and-gray.ai"," +1 647-804-7560","","","","2025-10-12 14:28"
"282677363417","William","Torres","william.torres@gutierrez-ltd.com"," +1 411-271-4394","","","","2025-10-12 14:28"
"282619995848","Edward","Campbell","edward.campbell@barber-walker.biz"," +1 986-876-3240","","","","2025-10-12 14:28"
"282618197724","Amanda","Anderson","amanda.anderson@vega-browning-and-porter.ai"," +1 713-773-6802","","","","2025-10-12 14:28"
"282549540560","Jessica","Nguyen","jessica.nguyen@mckinney-craig-and-english.net"," +1 532-217-3854","","","","2025-10-12 14:28"
"281922239215","Kenneth","Baker","kenneth.baker@poole-plc.io"," +1 495-433-2480","","","","2025-10-12 14:28"
"282679959269","Charles","Walker","charles.walker@stephens-smith.ai"," +1 913-343-8685","","","","2025-10-12 14:28"
"282675567306","Elizabeth","Jones","elizabeth.jones@willis-rogers.net"," +1 681-472-6546","","","","2025-10-12 14:28"
"282618197723","Andrew","Anderson","andrew.anderson@harrison-gibson.org"," +1 640-775-1430","","","","2025-10-12 14:28"
"282683554511","Donald","Walker","donald.walker@washington-jones.net"," +1 652-549-4020","","","","2025-10-12 14:28"
"282675567305","Paul","Clark","paul.clark@anderson-ltd.co"," +1 802-961-3531","","","","2025-10-12 14:28"
"282622301889","Anthony","Flores","anthony.flores@smith-garrison-and-thomas.co"," +1 968-359-4878","","","","2025-10-12 14:28"
"282681751245","Michelle","Harris","michelle.harris@keith-alvarez-and-miller.com"," +1 835-900-4945","","","","2025-10-12 14:28"
"282614402755","Robert","Carter","robert.carter@elliott-bishop-and-martin.ai"," +1 975-380-8708","","","","2025-10-12 14:28"
"282541712103","Anthony","Moore","anthony.moore@caldwell-sullivan.io"," +1 421-974-9394","","","","2025-10-12 14:28"
"282681751246","Joshua","Thompson","joshua.thompson@barber-walker.biz"," +1 425-852-4115","","","","2025-10-12 14:28"
"282675567304","Patricia","Sanchez","patricia.sanchez@cox-brown.com"," +1 483-395-3001","","","","2025-10-12 14:28"
"282675567303","Charles","Mitchell","charles.mitchell@mendez-ltd.io"," +1 547-318-8673","","","","2025-10-12 14:28"
"282619995847","William","Green","william.green@hughes-miller.io"," +1 971-703-2680","","","","2025-10-12 14:28"
"281678941917","Jennifer","Lee","jennifer.lee@duncan-inc.io"," +1 459-532-2899","","","","2025-10-12 14:28"
"282681751244","Melissa","Wright","melissa.wright@fox-ochoa-and-adams.io"," +1 981-907-4033","","","","2025-10-12 14:28"
"282669414091","Paul","White","paul.white@mendez-ltd.io"," +1 744-714-5465","","","","2025-10-12 14:28"
"281922239214","Donald","Thompson","donald.thompson@ramirez-and-sons.org"," +1 541-766-9903","","","","2025-10-12 14:28"
"282675567302","Thomas","Green","thomas.green@norris-callahan-and-bishop.biz"," +1 804-878-4241","","","","2025-10-12 14:28"
"282599542520","George","Nguyen","george.nguyen@hill-hawkins.com"," +1 475-531-5022","","","","2025-10-12 14:28"
"282669414092","Barbara","Martinez","barbara.martinez@johnson-williams.org"," +1 780-874-7566","","","","2025-10-12 14:28"
"282669414090","Joshua","Garcia","joshua.garcia@olson-wood-and-peters.biz"," +1 254-360-3579","","","","2025-10-12 14:28"
"282669414089","Emily","Martinez","emily.martinez@mcintyre-james-and-mcneil.co"," +1 479-489-4450","","","","2025-10-12 14:28"
"282622301887","Kimberly","Flores","kimberly.flores@lee-johnson.org"," +1 363-573-7108","","","","2025-10-12 14:28"
"282619995846","Melissa","Rodriguez","melissa.rodriguez@williams-glass.biz"," +1 272-483-7798","","","","2025-10-12 14:28"
"282541712102","Charles","Hall","charles.hall@deleon-plc.co"," +1 503-223-7484","","","","2025-10-12 14:28"
"282679959268","Steven","Adams","steven.adams@stokes-chavez.biz"," +1 550-213-7882","","","","2025-10-12 14:28"
"282675567301","William","Garcia","william.garcia@gay-llc.com"," +1 503-535-7807","","","","2025-10-12 14:28"
"282675567300","Matthew","Walker","matthew.walker@cohen-compton-and-perez.com"," +1 310-443-7248","","","","2025-10-12 14:28"
"282618197722","Mark","Thomas","mark.thomas@cox-brown.com"," +1 572-302-7018","","","","2025-10-12 14:28"
"282614153937","Dorothy","Adams","dorothy.adams@lucas-case.net"," +1 988-765-4522","","","","2025-10-12 14:28"
"282677363416","Patricia","Martinez","patricia.martinez@barnes-johnson-and-schmitt.co"," +1 353-777-5978","","","","2025-10-12 14:28"
"282614402754","Dorothy","Williams","dorothy.williams@french-rivera.io"," +1 517-652-1546","","","","2025-10-12 14:28"
"282614402753","Robert","Lee","robert.lee@johnson-plc.net"," +1 963-685-7246","","","","2025-10-12 14:28"
"282614402752","Ashley","Flores","ashley.flores@miller-jimenez.biz"," +1 618-487-1536","","","","2025-10-12 14:28"
"282614153939","Elizabeth","Young","elizabeth.young@young-llc.biz"," +1 238-330-9229","","","","2025-10-12 14:28"
"282614153938","Jessica","Campbell","jessica.campbell@figueroa-inc.org"," +1 617-701-4937","","","","2025-10-12 14:28"
"282541712101","Kimberly","Clark","kimberly.clark@dunn-henry-and-brown.com"," +1 780-899-3950","","","","2025-10-12 14:28"
"282669414088","William","Williams","william.williams@cummings-inc.org"," +1 239-512-9071","","","","2025-10-12 14:28"
"282622301886","James","Jackson","james.jackson@williams-glass.biz"," +1 944-506-9022","","","","2025-10-12 14:28"
"282622301885","Daniel","Nelson","daniel.nelson@murray-dunn-and-roberts.org"," +1 969-634-1842","","","","2025-10-12 14:28"
"282549540559","Kenneth","Davis","kenneth.davis@rodriguez-figueroa-and-sanchez.ai"," +1 226-960-5506","","","","2025-10-12 14:28"
"282683554510","Paul","Rodriguez","paul.rodriguez@anderson-ltd.co"," +1 598-665-7078","","","","2025-10-12 14:28"
"282677363415","Susan","Roberts","susan.roberts@schultz-gamble.org"," +1 341-983-5186","","","","2025-10-12 14:28"
"282619995844","Michelle","Mitchell","michelle.mitchell@wilson-lambert.ai"," +1 302-982-4404","","","","2025-10-12 14:28"
"282614153936","James","Young","james.young@vega-browning-and-porter.ai"," +1 965-641-3878","","","","2025-10-12 14:28"
"282549540558","Kenneth","Rivera","kenneth.rivera@poole-plc.io"," +1 303-655-3725","","","","2025-10-12 14:28"
"282683554509","Charles","Robinson","charles.robinson@johnson-black.biz"," +1 718-820-8048","","","","2025-10-12 14:28"
"282681751243","Susan","Adams","susan.adams@newton-ortiz-and-king.com"," +1 855-812-1349","","","","2025-10-12 14:28"
"282622301883","Michelle","Carter","michelle.carter@mueller-stevenson-and-sanchez.ai"," +1 711-841-8242","","","","2025-10-12 14:28"
"282614402750","Anthony","Perez","anthony.perez@smith-nunez.org"," +1 665-609-7815","","","","2025-10-12 14:28"
"282622301884","Michelle","Green","michelle.green@johnson-black.biz"," +1 800-762-6327","","","","2025-10-12 14:28"
"282622301882","Daniel","Ramirez","daniel.ramirez@brown-little.ai"," +1 964-764-6419","","","","2025-10-12 14:28"
"282614402751","Sarah","Lopez","sarah.lopez@hughes-plc.ai"," +1 800-647-9056","","","","2025-10-12 14:28"
"282679959267","Ashley","Rivera","ashley.rivera@moore-and-sons.biz"," +1 499-722-5479","","","","2025-10-12 14:28"
"282619995843","Brian","Scott","brian.scott@jones-inc.ai"," +1 425-902-6313","","","","2025-10-12 14:28"
"282549540557","Ashley","Johnson","ashley.johnson@chambers-mitchell-and-smith.com"," +1 599-545-7624","","","","2025-10-12 14:28"
"282681751242","Joshua","Hall","joshua.hall@calderon-williams-and-bennett.ai"," +1 483-770-1166","","","","2025-10-12 14:28"
"282681751241","Christopher","Sanchez","christopher.sanchez@owens-daniel.net"," +1 475-268-4456","","","","2025-10-12 14:28"
"282677363414","Paul","Rodriguez","paul.rodriguez@moore-price-and-ward.co"," +1 481-247-1893","","","","2025-10-12 14:28"
"282677363413","Sarah","Martin","sarah.martin@brown-little.ai"," +1 458-437-2976","","","","2025-10-12 14:28"
"282614153935","Mark","Garcia","mark.garcia@davis-ward.com"," +1 813-241-8078","","","","2025-10-12 14:28"
"282683554508","Joseph","Baker","joseph.baker@chapman-jackson-and-colon.biz"," +1 942-891-7511","","","","2025-10-12 14:28"
"282614153934","Mark","Miller","mark.miller@guzman-inc.co"," +1 739-668-1251","","","","2025-10-12 14:28"
"282599542519","Andrew","Miller","andrew.miller@collier-jimenez-and-moran.com"," +1 276-751-4492","","","","2025-10-12 14:28"
"282541712100","Edward","Lewis","edward.lewis@romero-mcneil-and-spencer.biz"," +1 828-937-9270","","","","2025-10-12 14:28"
"282619995845","David","Mitchell","david.mitchell@mendoza-white-and-taylor.com"," +1 687-661-5246","","","","2025-10-12 14:28"
"282614153933","John","Perez","john.perez@martin-mcdonald-and-anderson.net"," +1 222-803-4770","","","","2025-10-12 14:28"
"282549540556","Sandra","Lee","sandra.lee@lane-griffith-and-silva.biz"," +1 546-980-7211","","","","2025-10-12 14:28"
"282618197721","Dorothy","White","dorothy.white@martin-mcdonald-and-anderson.net"," +1 649-730-8397","","","","2025-10-12 14:28"
"282614153932","Kevin","Nguyen","kevin.nguyen@jenkins-simpson.biz"," +1 779-736-6183","","","","2025-10-12 14:28"
"282549540555","Jessica","Martin","jessica.martin@taylor-plc.io"," +1 880-796-7046","","","","2025-10-12 14:28"
"282549540554","William","Robinson","william.robinson@martin-ewing.net"," +1 387-252-5262","","","","2025-10-12 14:28"
"282614153931","Kevin","Clark","kevin.clark@morgan-cook-and-jackson.biz"," +1 535-613-5844","","","","2025-10-12 14:28"
"282541712099","John","Robinson","john.robinson@lamb-martin-and-kim.ai"," +1 625-845-4185","","","","2025-10-12 14:28"
"282683554507","Michael","Miller","michael.miller@reid-poole.com"," +1 875-642-6804","","","","2025-10-12 14:28"
"282541712098","Emily","Gonzalez","emily.gonzalez@mcclure-ward-and-lee.io"," +1 934-866-9928","","","","2025-10-12 14:28"
"282675567299","Karen","Torres","karen.torres@wilson-hendricks-and-phillips.co"," +1 894-585-7498","","","","2025-10-12 14:28"
"282618197719","Amanda","Lee","amanda.lee@dean-jimenez.co"," +1 445-472-7484","","","","2025-10-12 14:28"
"282618197718","Linda","Torres","linda.torres@matthews-smith-and-hubbard.net"," +1 453-793-1651","","","","2025-10-12 14:28"
"282549540553","Karen","Nelson","karen.nelson@monroe-carpenter.biz"," +1 307-338-5333","","","","2025-10-12 14:28"
"282614402749","George","Taylor","george.taylor@diaz-fitzpatrick.org"," +1 713-981-3927","","","","2025-10-12 14:28"
"282614402748","Steven","Walker","steven.walker@zimmerman-group.biz"," +1 954-374-2389","","","","2025-10-12 14:28"
"281922239213","Richard","Robinson","richard.robinson@strickland-palmer.biz"," +1 559-513-4728","","","","2025-10-12 14:28"
"282614402747","Richard","Taylor","richard.taylor@jones-figueroa.io"," +1 246-926-8144","","","","2025-10-12 14:28"
"282614402746","James","Clark","james.clark@wagner-simpson-and-cohen.net"," +1 662-906-8699","","","","2025-10-12 14:28"
"282675567298","Donald","Scott","donald.scott@sims-hill.ai"," +1 370-472-9645","","","","2025-10-12 14:28"
"282541712097","George","Torres","george.torres@vaughn-burton-and-garcia.net"," +1 791-685-4981","","","","2025-10-12 14:28"
"282622300921","Michelle","Wright","michelle.wright@martin-ewing.net"," +1 228-604-1444","","","","2025-10-12 14:28"
"282614401785","Lisa","Green","lisa.green@ford-ball.ai"," +1 671-925-3506","","","","2025-10-12 14:28"
"282679959266","Dorothy","Jones","dorothy.jones@scott-mendoza-and-harris.com"," +1 868-242-1508","","","","2025-10-12 14:28"
"282614401784","Nancy","Davis","nancy.davis@diaz-fitzpatrick.org"," +1 501-646-3591","","","","2025-10-12 14:28"
"281678941916","Donna","Moore","donna.moore@mcclure-ward-and-lee.io"," +1 207-978-3615","","","","2025-10-12 14:28"
"282619995842","Steven","Sanchez","steven.sanchez@glenn-jordan-and-beasley.io"," +1 896-750-6425","","","","2025-10-12 14:28"
"282618197717","Brian","Green","brian.green@wilson-hendricks-and-phillips.co"," +1 449-305-5941","","","","2025-10-12 14:28"
"282675567297","Kenneth","Taylor","kenneth.taylor@durham-thomas.org"," +1 718-701-5114","","","","2025-10-12 14:28"
"282549540552","Melissa","Rivera","melissa.rivera@lamb-llc.org"," +1 318-368-6096","","","","2025-10-12 14:28"
"282677363411","Richard","Martinez","richard.martinez@rangel-llc.com"," +1 226-248-5011","","","","2025-10-12 14:28"
"281922239212","William","Martinez","william.martinez@ward-plc.ai"," +1 437-593-3503","","","","2025-10-12 14:28"
"282683554506","Steven","Garcia","steven.garcia@sparks-plc.org"," +1 391-271-2113","","","","2025-10-12 14:28"
"282618197716","George","Young","george.young@holmes-williams-and-wright.co"," +1 271-979-9727","","","","2025-10-12 14:28"
"282549540551","Barbara","Nguyen","barbara.nguyen@frye-hoffman-and-santiago.biz"," +1 472-240-2776","","","","2025-10-12 14:28"
"281678941915","George","Lee","george.lee@jones-figueroa.io"," +1 647-821-9379","","","","2025-10-12 14:28"
"282683554505","Betty","White","betty.white@foster-powers.ai"," +1 425-342-9348","","","","2025-10-12 14:28"
"282681751240","Brian","Young","brian.young@miles-miller.com"," +1 496-879-7561","","","","2025-10-12 14:28"
"282675567296","Mary","Lopez","mary.lopez@smith-garrison-and-thomas.co"," +1 955-541-7745","","","","2025-10-12 14:28"
"282599542518","Susan","Adams","susan.adams@williams-plc.org"," +1 712-606-8517","","","","2025-10-12 14:28"
"282541712096","James","Baker","james.baker@freeman-whitehead-and-mathis.net"," +1 939-318-9797","","","","2025-10-12 14:28"
"282681751239","Matthew","Garcia","matthew.garcia@hoffman-baker-and-richards.biz"," +1 766-501-6925","","","","2025-10-12 14:28"
"282614153930","Susan","Brown","susan.brown@norris-harrison.co"," +1 794-954-9883","","","","2025-10-12 14:28"
"282681751238","Michael","Brown","michael.brown@lee-ltd.net"," +1 868-754-1241","","","","2025-10-12 14:28"
"282679959265","Elizabeth","Ramirez","elizabeth.ramirez@gilbert-crosby.ai"," +1 331-243-6050","","","","2025-10-12 14:28"
"282618197715","Susan","Baker","susan.baker@bates-ltd.net"," +1 456-883-2684","","","","2025-10-12 14:28"
"282599542517","Betty","Scott","betty.scott@decker-jones.org"," +1 201-512-5700","","","","2025-10-12 14:28"
"282549540550","Emily","Carter","emily.carter@boyd-llc.com"," +1 627-821-4697","","","","2025-10-12 14:28"
"282614153929","Matthew","Roberts","matthew.roberts@washington-harris.co"," +1 799-913-1320","","","","2025-10-12 14:28"
"281678941914","David","Clark","david.clark@andrews-group.com"," +1 698-693-4502","","","","2025-10-12 14:28"
"282683554504","Christopher","Lopez","christopher.lopez@bennett-webster.com"," +1 700-418-6813","","","","2025-10-12 14:28"
"282675567295","Andrew","Williams","andrew.williams@griffin-padilla-and-miller.ai"," +1 556-746-8018","","","","2025-10-12 14:28"
"282599542516","John","Rivera","john.rivera@walton-decker.biz"," +1 847-261-4750","","","","2025-10-12 14:28"
"282599542515","Carol","Campbell","carol.campbell@jimenez-group.net"," +1 960-955-4228","","","","2025-10-12 14:28"
"281922239211","Daniel","Thompson","daniel.thompson@hoffman-baker-and-richards.biz"," +1 819-471-1711","","","","2025-10-12 14:28"
"282681751236","Paul","Campbell","paul.campbell@ryan-plc.io"," +1 451-368-8573","","","","2025-10-12 14:28"
"282614401783","Patricia","Brown","patricia.brown@sparks-plc.org"," +1 799-689-9238","","","","2025-10-12 14:28"
"282681751237","Margaret","Lopez","margaret.lopez@phillips-group.co"," +1 486-674-5092","","","","2025-10-12 14:28"
"282679959264","David","Mitchell","david.mitchell@richards-carson.org"," +1 653-765-8007","","","","2025-10-12 14:28"
"282675567294","David","Wright","david.wright@ball-harmon-and-lambert.ai"," +1 744-201-6310","","","","2025-10-12 14:28"
"282541712095","Anthony","Nelson","anthony.nelson@marshall-elliott.org"," +1 589-894-3851","","","","2025-10-12 14:28"
"282683554502","Joseph","Lopez","joseph.lopez@guerra-inc.io"," +1 913-731-8611","","","","2025-10-12 14:28"
"282669414087","Paul","Carter","paul.carter@stein-silva.com"," +1 948-907-4295","","","","2025-10-12 14:28"
"282622300920","Richard","Sanchez","richard.sanchez@lam-llc.co"," +1 537-486-2137","","","","2025-10-12 14:28"
"282622300919","Karen","Green","karen.green@cochran-adams-and-cobb.biz"," +1 720-824-4258","","","","2025-10-12 14:28"
"282614401782","Jessica","Mitchell","jessica.mitchell@leonard-and-sons.io"," +1 775-752-5304","","","","2025-10-12 14:28"
"282614401781","Jessica","Martinez","jessica.martinez@murray-campbell.net"," +1 872-905-1090","","","","2025-10-12 14:28"
"282549540549","Daniel","Jones","daniel.jones@collier-jimenez-and-moran.com"," +1 451-579-5669","","","","2025-10-12 14:28"
"282619995841","James","Thompson","james.thompson@barnes-estes-and-barrera.net"," +1 506-972-7389","","","","2025-10-12 14:28"
"282614153928","George","Brown","george.brown@gray-johnson-and-rosales.com"," +1 890-870-2612","","","","2025-10-12 14:28"
"282683554503","Susan","Robinson","susan.robinson@lamb-llc.org"," +1 917-463-7043","","","","2025-10-12 14:28"
"282675567292","Matthew","Moore","matthew.moore@maddox-valencia.co"," +1 665-851-6977","","","","2025-10-12 14:28"
"282669414084","Patricia","Davis","patricia.davis@warner-carr-and-archer.co"," +1 357-843-3621","","","","2025-10-12 14:28"
"282619995840","Melissa","Wright","melissa.wright@chambers-mitchell-and-smith.com"," +1 818-426-8999","","","","2025-10-12 14:28"
"282549540548","Amanda","Martin","amanda.martin@monroe-carpenter.biz"," +1 827-870-9666","","","","2025-10-12 14:28"
"281922239208","Kimberly","Adams","kimberly.adams@johnson-harper-and-warner.ai"," +1 477-831-9817","","","","2025-10-12 14:28"
"281678941910","George","Scott","george.scott@duran-obrien-and-gibbs.org"," +1 878-936-8973","","","","2025-10-12 14:28"
"282683554501","Linda","Jones","linda.jones@washington-jones.net"," +1 611-704-2213","","","","2025-10-12 14:28"
"282677363410","John","Allen","john.allen@vaughn-burton-and-garcia.net"," +1 444-486-8953","","","","2025-10-12 14:28"
"282675567293","Nancy","Miller","nancy.miller@gray-johnson-and-rosales.com"," +1 455-397-4116","","","","2025-10-12 14:28"
"282669414086","John","Harris","john.harris@freeman-whitehead-and-mathis.net"," +1 591-811-8668","","","","2025-10-12 14:28"
"282669414085","Dorothy","Garcia","dorothy.garcia@white-llc.net"," +1 537-891-9742","","","","2025-10-12 14:28"
"282618197714","Sarah","Hernandez","sarah.hernandez@strickland-palmer.biz"," +1 919-311-7267","","","","2025-10-12 14:28"
"282618197713","Margaret","Moore","margaret.moore@armstrong-andrews.org"," +1 246-204-6464","","","","2025-10-12 14:28"
"282614401778","Kenneth","Flores","kenneth.flores@rangel-llc.com"," +1 544-296-4848","","","","2025-10-12 14:28"
"282599542514","John","Hall","john.hall@richards-carson.org"," +1 353-759-1590","","","","2025-10-12 14:28"
"282599542513","John","Williams","john.williams@maddox-valencia.co"," +1 878-434-5741","","","","2025-10-12 14:28"
"282549540546","Melissa","Miller","melissa.miller@rodriguez-figueroa-and-sanchez.ai"," +1 893-959-9935","","","","2025-10-12 14:28"
"281922239209","Donald","Moore","donald.moore@ali-plc.com"," +1 942-804-9595","","","","2025-10-12 14:28"
"281678941913","Robert","Johnson","robert.johnson@pacheco-smith.co"," +1 296-424-4811","","","","2025-10-12 14:28"
"281678941911","Amanda","Jackson","amanda.jackson@martinez-inc.co"," +1 441-479-6502","","","","2025-10-12 14:28"
"282679959263","Joshua","Adams","joshua.adams@zimmerman-group.biz"," +1 530-677-8238","","","","2025-10-12 14:28"
"282622300918","Matthew","Smith","matthew.smith@duran-obrien-and-gibbs.org"," +1 600-472-8454","","","","2025-10-12 14:28"
"282614401780","Richard","Jackson","richard.jackson@ali-plc.com"," +1 433-570-3939","","","","2025-10-12 14:28"
"282614401779","Thomas","Garcia","thomas.garcia@bailey-peck.net"," +1 682-220-9837","","","","2025-10-12 14:28"
"282614401777","Ashley","Lewis","ashley.lewis@figueroa-inc.org"," +1 218-296-5820","","","","2025-10-12 14:28"
"282614401776","Linda","Robinson","linda.robinson@brown-copeland.io"," +1 337-676-9702","","","","2025-10-12 14:28"
"282614401775","Susan","Nelson","susan.nelson@ryan-plc.io"," +1 474-919-2169","","","","2025-10-12 14:28"
"282549540547","Deborah","Roberts","deborah.roberts@lee-kelly-and-norman.ai"," +1 734-697-4919","","","","2025-10-12 14:28"
"282541712094","Kevin","Perez","kevin.perez@sullivan-bowman-and-roberts.ai"," +1 839-522-3041","","","","2025-10-12 14:28"
"282541712093","Karen","Robinson","karen.robinson@dean-jimenez.co"," +1 524-970-2188","","","","2025-10-12 14:28"
"281922239210","Elizabeth","Wilson","elizabeth.wilson@watts-robinson-and-nguyen.biz"," +1 982-545-2674","","","","2025-10-12 14:28"
"281678941912","Lisa","Martin","lisa.martin@carroll-sullivan-and-bass.com"," +1 446-260-4946","","","","2025-10-12 14:28"
